CREATE TABLE attendant (
   id UUID DEFAULT RANDOM_UUID() NOT NULL PRIMARY KEY, 
   first_name VARCHAR(255) NOT NULL, 
   last_name VARCHAR(255) NOT NULL, 
   created_at TIMESTAMP DEFAULT CURRENT_TIMESTAMP() NOT NULL,
   updated_at TIMESTAMP DEFAULT CURRENT_TIMESTAMP() NOT NULL
);

CREATE TABLE customer ( 
   id UUID DEFAULT RANDOM_UUID() NOT NULL PRIMARY KEY, 
   first_name VARCHAR(255) NOT NULL, 
   last_name VARCHAR(255) NOT NULL, 
   created_at TIMESTAMP DEFAULT CURRENT_TIMESTAMP() NOT NULL,
   updated_at TIMESTAMP DEFAULT CURRENT_TIMESTAMP() NOT NULL
);

CREATE TABLE book ( 
   id UUID DEFAULT RANDOM_UUID() NOT NULL PRIMARY KEY, 
   name VARCHAR(255) NOT NULL, 
   description VARCHAR(2048) NOT NULL, 
   created_at TIMESTAMP DEFAULT CURRENT_TIMESTAMP() NOT NULL,
   updated_at TIMESTAMP DEFAULT CURRENT_TIMESTAMP() NOT NULL
);

CREATE TABLE loan ( 
   id UUID DEFAULT RANDOM_UUID() NOT NULL PRIMARY KEY,
   customer_id UUID NOT NULL,
   attendant_id UUID NOT NULL,
   created_at TIMESTAMP DEFAULT CURRENT_TIMESTAMP() NOT NULL,
   updated_at TIMESTAMP DEFAULT CURRENT_TIMESTAMP() NOT NULL,
   FOREIGN KEY (customer_id) REFERENCES customer(id),
   FOREIGN KEY (attendant_id) REFERENCES attendant(id)
);

CREATE TABLE loan_item ( 
   loan_id UUID NOT NULL,
   customer_id UUID NOT NULL,
   book_id UUID NOT NULL,
   created_at TIMESTAMP DEFAULT CURRENT_TIMESTAMP() NOT NULL,
   updated_at TIMESTAMP DEFAULT CURRENT_TIMESTAMP() NOT NULL,
   FOREIGN KEY (loan_id) REFERENCES loan(id),
   FOREIGN KEY (customer_id) REFERENCES customer(id),
   FOREIGN KEY (book_id) REFERENCES book(id),
   PRIMARY KEY (loan_id, customer_id, book_id)
);

INSERT INTO attendant (id, first_name, last_name) VALUES ('309E1AAB76B84D449A775975F1575100', 'John', 'Coltrane');
INSERT INTO attendant (id, first_name, last_name) VALUES ('319E1AAB76B84D449A775975F1575101', 'Emily','Bronte');

INSERT INTO book (id, name, description) VALUES ('509E1AAB76B84D449A775975F1575100', 'The Pragmatic Programmer', 'The Pragmatic Programmer: From Journeyman to Master is a book about computer programming and software engineering, written by Andrew Hunt and David Thomas and published in October 1999.');
INSERT INTO book (id, name, description) VALUES ('519E1AAB76B84D449A775975F1575101', 'The Mythical Man-Month', 'The Mythical Man-Month: Essays on Software Engineering is a book on software engineering and project management by Fred Brooks first published in 1975, with subsequent editions in 1982 and 1995. Its central theme is that adding manpower to a software project that is behind schedule delays it even longer.');
INSERT INTO book (id, name, description) VALUES ('529E1AAB76B84D449A775975F1575102', 'Refactoring: Improving the Design of Existing Code', 'Refactoring: Improving the Design of Existing Code. Book by Martin Fowler: Refactoring improves the design of existing code and enhances software maintainability, as well as making existing code easier to understand');
INSERT INTO book (id, name, description) VALUES ('539E1AAB76B84D449A775975F1575103', 'Design Patterns', 'Design Patterns: Elements of Reusable Object-Oriented Software (1994) is a software engineering book describing software design patterns. The book was written by Erich Gamma, Richard Helm, Ralph Johnson, and John Vlissides, with a foreword by Grady Booch.');
INSERT INTO book (id, name, description) VALUES ('549E1AAB76B84D449A775975F1575104', 'The Phoenix Project', 'The Phoenix Project: A Novel about IT, DevOps, and Helping Your Business Win.');

INSERT INTO customer (id, first_name, last_name) VALUES ('409E1AAB76B84D449A775975F1575100', 'Willian', 'Gibson');
  INSERT INTO loan (id, customer_id, attendant_id) VALUES ('609E1AAB76B84D449A775975F1575100', '409E1AAB76B84D449A775975F1575100', '309E1AAB76B84D449A775975F1575100');
    INSERT INTO loan_item (loan_id, customer_id, book_id) VALUES ('609E1AAB76B84D449A775975F1575100', '409E1AAB76B84D449A775975F1575100', '509E1AAB76B84D449A775975F1575100');
    INSERT INTO loan_item (loan_id, customer_id, book_id) VALUES ('609E1AAB76B84D449A775975F1575100', '409E1AAB76B84D449A775975F1575100', '519E1AAB76B84D449A775975F1575101');
  INSERT INTO loan (id, customer_id, attendant_id) VALUES ('619E1AAB76B84D449A775975F1575101', '409E1AAB76B84D449A775975F1575100', '319E1AAB76B84D449A775975F1575101');
    INSERT INTO loan_item (loan_id, customer_id, book_id) VALUES ('619E1AAB76B84D449A775975F1575101', '409E1AAB76B84D449A775975F1575100', '529E1AAB76B84D449A775975F1575102');
    INSERT INTO loan_item (loan_id, customer_id, book_id) VALUES ('619E1AAB76B84D449A775975F1575101', '409E1AAB76B84D449A775975F1575100', '539E1AAB76B84D449A775975F1575103');
    INSERT INTO loan_item (loan_id, customer_id, book_id) VALUES ('619E1AAB76B84D449A775975F1575101', '409E1AAB76B84D449A775975F1575100', '549E1AAB76B84D449A775975F1575104');


INSERT INTO customer (id, first_name, last_name) VALUES ('419E1AAB76B84D449A775975F1575101', 'Eleanora', 'Gough');
  INSERT INTO loan (id, customer_id, attendant_id) VALUES ('709E1AAB76B84D449A775975F1575100', '419E1AAB76B84D449A775975F1575101', '309E1AAB76B84D449A775975F1575100');
    INSERT INTO loan_item (loan_id, customer_id, book_id) VALUES ('709E1AAB76B84D449A775975F1575100', '419E1AAB76B84D449A775975F1575101', '509E1AAB76B84D449A775975F1575100');
    INSERT INTO loan_item (loan_id, customer_id, book_id) VALUES ('709E1AAB76B84D449A775975F1575100', '419E1AAB76B84D449A775975F1575101', '519E1AAB76B84D449A775975F1575101');
  INSERT INTO loan (id, customer_id, attendant_id) VALUES ('719E1AAB76B84D449A775975F1575101', '419E1AAB76B84D449A775975F1575101', '319E1AAB76B84D449A775975F1575101');
    INSERT INTO loan_item (loan_id, customer_id, book_id) VALUES ('719E1AAB76B84D449A775975F1575101', '419E1AAB76B84D449A775975F1575101', '529E1AAB76B84D449A775975F1575102');
    INSERT INTO loan_item (loan_id, customer_id, book_id) VALUES ('719E1AAB76B84D449A775975F1575101', '419E1AAB76B84D449A775975F1575101', '539E1AAB76B84D449A775975F1575103');
    INSERT INTO loan_item (loan_id, customer_id, book_id) VALUES ('719E1AAB76B84D449A775975F1575101', '419E1AAB76B84D449A775975F1575101', '549E1AAB76B84D449A775975F1575104');

INSERT INTO customer (id, first_name, last_name) VALUES ('429E1AAB76B84D449A775975F1575102', 'Rosetta', 'Tharpe');
  INSERT INTO loan (id, customer_id, attendant_id) VALUES ('809E1AAB76B84D449A775975F1575100', '429E1AAB76B84D449A775975F1575102', '309E1AAB76B84D449A775975F1575100');
    INSERT INTO loan_item (loan_id, customer_id, book_id) VALUES ('809E1AAB76B84D449A775975F1575100', '429E1AAB76B84D449A775975F1575102', '509E1AAB76B84D449A775975F1575100');
    INSERT INTO loan_item (loan_id, customer_id, book_id) VALUES ('809E1AAB76B84D449A775975F1575100', '429E1AAB76B84D449A775975F1575102', '519E1AAB76B84D449A775975F1575101');
  INSERT INTO loan (id, customer_id, attendant_id) VALUES ('819E1AAB76B84D449A775975F1575101', '429E1AAB76B84D449A775975F1575102', '319E1AAB76B84D449A775975F1575101');
    INSERT INTO loan_item (loan_id, customer_id, book_id) VALUES ('819E1AAB76B84D449A775975F1575101', '429E1AAB76B84D449A775975F1575102', '529E1AAB76B84D449A775975F1575102');
    INSERT INTO loan_item (loan_id, customer_id, book_id) VALUES ('819E1AAB76B84D449A775975F1575101', '429E1AAB76B84D449A775975F1575102', '539E1AAB76B84D449A775975F1575103');
    INSERT INTO loan_item (loan_id, customer_id, book_id) VALUES ('819E1AAB76B84D449A775975F1575101', '429E1AAB76B84D449A775975F1575102', '549E1AAB76B84D449A775975F1575104');


INSERT INTO customer (id, first_name, last_name) VALUES ('439E1AAB76B84D449A775975F1575103', 'Karl', 'Popper');
  INSERT INTO loan (id, customer_id, attendant_id) VALUES ('909E1AAB76B84D449A775975F1575100', '439E1AAB76B84D449A775975F1575103', '309E1AAB76B84D449A775975F1575100');
    INSERT INTO loan_item (loan_id, customer_id, book_id) VALUES ('909E1AAB76B84D449A775975F1575100', '439E1AAB76B84D449A775975F1575103', '509E1AAB76B84D449A775975F1575100');
    INSERT INTO loan_item (loan_id, customer_id, book_id) VALUES ('909E1AAB76B84D449A775975F1575100', '439E1AAB76B84D449A775975F1575103', '519E1AAB76B84D449A775975F1575101');
  INSERT INTO loan (id, customer_id, attendant_id) VALUES ('919E1AAB76B84D449A775975F1575101', '439E1AAB76B84D449A775975F1575103', '319E1AAB76B84D449A775975F1575101');
    INSERT INTO loan_item (loan_id, customer_id, book_id) VALUES ('919E1AAB76B84D449A775975F1575101', '439E1AAB76B84D449A775975F1575103', '529E1AAB76B84D449A775975F1575102');
    INSERT INTO loan_item (loan_id, customer_id, book_id) VALUES ('919E1AAB76B84D449A775975F1575101', '439E1AAB76B84D449A775975F1575103', '539E1AAB76B84D449A775975F1575103');
    INSERT INTO loan_item (loan_id, customer_id, book_id) VALUES ('919E1AAB76B84D449A775975F1575101', '439E1AAB76B84D449A775975F1575103', '549E1AAB76B84D449A775975F1575104');

INSERT INTO customer (id, first_name, last_name) VALUES ('449E1AAB76B84D449A775975F1575104', 'Vincent', 'Vega');
  INSERT INTO loan (id, customer_id, attendant_id) VALUES ('009E1AAB76B84D449A775975F1575100', '449E1AAB76B84D449A775975F1575104', '309E1AAB76B84D449A775975F1575100');
    INSERT INTO loan_item (loan_id, customer_id, book_id) VALUES ('009E1AAB76B84D449A775975F1575100', '449E1AAB76B84D449A775975F1575104', '509E1AAB76B84D449A775975F1575100');
    INSERT INTO loan_item (loan_id, customer_id, book_id) VALUES ('009E1AAB76B84D449A775975F1575100', '449E1AAB76B84D449A775975F1575104', '519E1AAB76B84D449A775975F1575101');
  INSERT INTO loan (id, customer_id, attendant_id) VALUES ('019E1AAB76B84D449A775975F1575101', '449E1AAB76B84D449A775975F1575104', '319E1AAB76B84D449A775975F1575101');
    INSERT INTO loan_item (loan_id, customer_id, book_id) VALUES ('019E1AAB76B84D449A775975F1575101', '449E1AAB76B84D449A775975F1575104', '529E1AAB76B84D449A775975F1575102');
    INSERT INTO loan_item (loan_id, customer_id, book_id) VALUES ('019E1AAB76B84D449A775975F1575101', '449E1AAB76B84D449A775975F1575104', '539E1AAB76B84D449A775975F1575103');
    INSERT INTO loan_item (loan_id, customer_id, book_id) VALUES ('019E1AAB76B84D449A775975F1575101', '449E1AAB76B84D449A775975F1575104', '549E1AAB76B84D449A775975F1575104');


